PROJECT_STACK.md	ec6e869b453d0c6ab73157633322bb3c0aff9729f1f3a2a6a560629dae181c7f	local
PROJECT_CONTEXT.md	7f1c20228fca0557d5245e8fcdd78b4b68bd7507c6ed1ad6f2eac865fc03cb29	local
.codex/config.toml	6c5f973b00a549487212f2ad0d8d75ef301eef86212eb358eb4d3f3240c61786	local
.codex/rules/akidev.rules	845b8760f3fdfc8a0bbeb86ca2a4211b295579dc8649c853d96cc785efda128b	managed
DATABASE_GUIDE.md	ac8f3573b13f799adf5f82d6cffc6cad4e5404d7258f8952a2f05d46a841e7fe	local
.pi/settings.json	2664355916cead9ce71efaa49377170bf65d664c7e59c3992d152d8714a5298e	managed
.agents/skills/quick-fix/SKILL.md	a4180beb42f7245826cda80b7ba5ac4ad528051fd02c9c563e1d2c6517db1cd3	managed
.agents/skills/review-feature/SKILL.md	995ff527616a7725f834f44da7f67cb423c854005ad03fb3948e68abd4005324	managed
.agents/skills/graph-map/SKILL.md	c09b9174fbe033a3d397fd7492591c13579bae489e44e4e2a4431348fb2da0fb	managed
.agents/skills/database-review/SKILL.md	a1f3a09f84b6d0a923b1e86ddddec88426adb621490081c1ec79c604db3069fc	managed
.agents/skills/ship-feature/SKILL.md	036a71ab128c0fedbf79a458101f08eac285ad86f1d0e65e0f1ea287c915ac8e	managed
.agents/skills/verification/SKILL.md	4a0958e96d382170745b66d05cc3b19596c190fec8f6f1d17c945678cbd6b1c9	managed
.agents/skills/plan-feature/SKILL.md	b4eb764e0e1cf42f5dce6548132b9f74559798591937734ec57355f901279f87	managed
.agents/skills/security-review/SKILL.md	ef495a6ce7da4f5cdc0a9564530b0dd44664479f4861bf05f6cd301c06374a17	managed
.agents/rules/security.md	843b7e0721ca86ca925f07e26cc108fb1e87cff55e4eb0a6d0c88add1dc8dbb2	managed
.agents/rules/frontend.md	23699794f60199f535fb1db43c1cea0859c9e099f70a800902384f0cfa9ff480	managed
.agents/rules/review.md	c0d46be3aa452b50d7106f26ac4530bfb8b0da818534b72073dc422ce1ace100	managed
.agents/rules/database.md	f5429512557b82223e542ad80235e8dbf9e0cf2232056404ac6c9ccb821dfb82	managed
.agents/rules/context-efficiency.md	ce202b0c4612d3aec07239502359576ae6ffd18aab8b10990e2127c260ba53ba	managed
.agents/rules/deployment.md	fc5ef2659b384cb70102a21340177682805723b43e26806feede0bffc3b8fa7f	managed
.agents/rules/backend.md	8f86ce37a0b65cd9edf234676f0e26bc15edca8d86c4416b68c4140e97a54e7b	managed
.agents/rules/engineering.md	2274d8b555e4165ecb5ce545d54d24c7bbef2ce8a01fd90431098d052a037e76	managed
.agents/rules/testing.md	8c75d367926794926558cf879f980c8dbd5e05efe972d8b87924d666f7558524	managed
PROJECT_CHECKS.md	53322771f19a71d75897c528f2cf53fc7b9cc8a067b731d284fa8ff12f3c4ad4	local
opencode.jsonc	a0bc43dcdef5bbb07add7300a439a8f785967dcffa6a653c727ae6da737ed7e8	local
.mcp.json	c5b128e2337e091caa1db1608bb67144cf047ec87be39b36ebc5c91a84161b29	managed
